地域広場一覧（令和6年3月31日時点）,,,,
広場区分,広場名,自治区名,広場全体面積,所在地
児童遊園,下林児童遊園,下林,708,下林町三丁目75番の一部
ちびっこ広場,寺部西ちびっこ広場,寺部,621,寺部町四丁目62番の一部
ちびっこ広場,若宮町２丁目ちびっこ広場,三区,281.92,若宮町二丁目12番1
ちびっこ広場,日之出町ちびっこ広場,東区,"1,138.00",日之出町二丁目9番7
ふれあい広場,平井町ふれあい広場,平井町,"1,255.00",平井町六丁目72番1
ちびっこ広場,栄町南ちびっこ広場,西区,403.14,栄町四丁目30番
ふれあい広場,日南なごみ広場,西区,900,日南町五丁目110番
ふれあい広場,池田町ふれあい広場,池田町,"1,473.00",池田町北投503番7の一部
ちびっこ広場（開発）,栄団地ちびっこ広場,栄町,254.51,栄町四丁目5番26
ちびっこ広場,栄町北ちびっこ広場,栄町,357.54,栄町二丁目18番1
児童遊園,朝日団地北児童遊園,西山,853,朝日町五丁目12番8の一部
ちびっこ広場（開発）,朝日団地南ちびっこ広場,西山,447,朝日町六丁目6番5
ちびっこ広場（開発）,朝日町中央ちびっこ広場,西山,171.09,朝日町五丁目4番3
ちびっこ広場（開発）,朝日町南ちびっこ広場,西山,211.32,朝日町五丁目11番18
ちびっこ広場,高原高架橋ちびっこ広場,西山,238.6,高原町一丁目1番地25の一部
ちびっこ広場（開発）,高原町７丁目ちびっこ広場,西山,280.16,高原町七丁目13番3
ふれあい広場,西山ふれあい広場,西山,"2,962.01",栄生町二丁目1番1
ちびっこ広場（開発）,横山団地ちびっこ広場,西山,590.87,横山町四丁目26番32
ちびっこ広場（開発）,横山団地南ちびっこ広場,西山,471.05,横山町四丁目38番39
ちびっこ広場（開発）,若草町ちびっこ広場,西山,315.11,若草町一丁目8番40
ちびっこ広場（開発）,京町ちびっこ広場,京町,986.85,京町三丁目112番(従前61番2)
ちびっこ広場（開発）,西山町３丁目ちびっこ広場,梅坪町,124.36,西山三丁目30番83
ちびっこ広場（開発）,上原ちびっこ広場,上原,154,上原町上原107番20
ちびっこ広場（開発）,上原南ちびっこ広場,上原,289.95,京町六丁目3番4
ふれあい広場,水源町ふれあい広場,水源町,661,水源町一丁目3番
ちびっこ広場（開発）,大清水第２ちびっこ広場,大清水,305.18,大清水町原山11番9
ちびっこ広場（開発）,大清水第３ちびっこ広場,大清水,130,大清水町原山11番55
ちびっこ広場（開発）,大清水第４ちびっこ広場,大清水,539.56,大清水町大清水184番地50
ちびっこ広場（開発）,大清水ちびっこ広場,大清水,268,大清水町原山12番29
ふれあい広場,桝塚東町ふれあい広場,桝塚東町,"2,959.00",桝塚東町西郷前43番1
ちびっこ広場（開発）,伊保原第１ちびっこ広場,伊保原,"1,214.07",浄水町南平187番302
ちびっこ広場（開発）,伊保原第３ちびっこ広場,伊保原,"1,337.06",大清水町南岬1番426
ちびっこ広場（開発）,伊保原第４ちびっこ広場,伊保原,911.98,大清水町南岬1番439
ちびっこ広場（開発）,伊保原団地ちびっこ広場,伊保原,838.82,逢妻町三丁目1番63
ちびっこ広場,桝塚西町ちびっこ広場,桝塚西町,492,桝塚西町南山97番1の一部
ちびっこ広場（開発）,向山団地北ちびっこ広場,向山,388.14,伊保町向山66番61
ちびっこ広場（開発）,向山団地南ちびっこ広場,向山,691.42,伊保町向山73番4
ちびっこ広場（開発）,朝日町北ちびっこ広場,小坂,548.98,朝日町四丁目3番21
ちびっこ広場（開発）,小坂町３丁目ちびっこ広場,小坂,451.18,小坂町三丁目5番2
ちびっこ広場,小坂町杉の子ちびっこ広場,小坂,"1,364.23",小坂町七丁目16番9
ちびっこ広場（開発）,小坂本町３丁目ちびっこ広場,小坂,181,小坂本町三丁目125番2
ちびっこ広場（開発）,洞泉寺ちびっこ広場,小坂,284,小坂町三丁目28番13
ちびっこ広場（開発）,朝日ケ丘ちびっこ広場,三軒屋,114.38,朝日ケ丘一丁目11番6
ちびっこ広場（開発）,三軒町ちびっこ広場,三軒屋,216,三軒町二丁目40番4
ちびっこ広場（開発）,朝日ケ丘３丁目ちびっこ広場,樹木,131.57,朝日ケ丘三丁目10番24
ちびっこ広場（開発）,朝日ケ丘北ちびっこ広場,樹木,199.76,朝日ケ丘五丁目30番19
ふれあい広場,青木台ふれあい広場,青木台,"6,300.99",青木町一丁目10番1
ふれあい広場,向山ふれあい広場,向山,"3,525.00",伊保町向山65番2
児童遊園,池端児童遊園,高岡町,439.64,高岡町池端79番5の一部
ちびっこ広場,前林ちびっこ広場,前林,"1,219.00",高丘新町春日81番
ちびっこ広場（開発）,下林団地ちびっこ広場,下林,330.68,下林町四丁目92番3
ちびっこ広場（開発）,下林団地南ちびっこ広場,下林,235,下林町三丁目11番4
ちびっこ広場（開発）,下林町1丁目ちびっこ広場,下林,297.15,下林町一丁目3番7
ちびっこ広場（開発）,秋葉台ちびっこ広場,長興寺,140,秋葉町七丁目23番22
ちびっこ広場（開発）,秋葉団地ちびっこ広場,長興寺,245.49,秋葉町六丁目79番34
ちびっこ広場（開発）,秋葉団地西ちびっこ広場,長興寺,683.42,秋葉町七丁目10番37
ちびっこ広場（開発）,秋葉東ちびっこ広場,長興寺,206.75,秋葉町七丁目13番60
ちびっこ広場,天王団地ちびっこ広場,宮口上,771.66,久岡町五丁目20番12
ちびっこ広場,神明社ちびっこ広場,西岡町,940,西岡町裏畑3番1の一部
ちびっこ広場,駒場町東ちびっこ広場,駒場,611.78,駒場町東9番2
ちびっこ広場（開発）,宮上団地ちびっこ広場,宮口上,616.57,宮上町三丁目8番23
ちびっこ広場（開発）,宮上団地西ちびっこ広場,宮口上,588.07,宮上町二丁目106番52
ちびっこ広場（開発）,汐見町ちびっこ広場,宮口一色,179,汐見町二丁目24番28
ちびっこ広場,中田ちびっこ広場,中田,"1,095.60",中田町高砂53番16の一部
ふれあい広場,宮口一色ふれあい広場,宮口一色,"9,671.00",白山町七曲12番52
ちびっこ広場（開発）,宮口団地ちびっこ広場,宮口一色,636.55,宮口町二丁目2番10
ちびっこ広場（開発）,新町２丁目ちびっこ広場,宮口新田,176,新町二丁目30番11
ちびっこ広場（開発）,新町３丁目ちびっこ広場,宮口新田,149.67,新町三丁目77番13
ふれあい広場,中田ふれあい広場,中田,"5,589.40",中田町高砂53番16の一部
児童遊園,宮町児童遊園,宮口新田,"1,710.25",宮町五丁目13番3の一部
ちびっこ広場（開発）,宮町第１ちびっこ広場,宮口新田,393.2,宮町四丁目8番29
ふれあい広場,花園第１ふれあい広場,花園町,824,花園町林17番1
ちびっこ広場,亀首町第２ちびっこ広場,亀首町,240,亀首町札掛9番の一部
ちびっこ広場（開発）,本新町北ちびっこ広場,本地新田,115.67,本新町二丁目9番8
ちびっこ広場,本新町ちびっこ広場,本地新田,"1,029.46",本新町六丁目1番1
ちびっこ広場（開発）,千足団地北ちびっこ広場,千足町,881.69,千足町比丘尻953番15
ちびっこ広場（開発）,千足団地中央ちびっこ広場,千足町,"1,350.95",千足町神明堂984番190
ちびっこ広場（開発）,千足団地西ちびっこ広場,千足町,726.34,千足町比丘尻953番42
ちびっこ広場（開発）,千足団地東ちびっこ広場,千足町,590.6,千足町神明堂984番191
児童遊園,千足町児童遊園,千足町,725,千足町一丁目1番110の一部
ふれあい広場,千足町ふれあい広場,千足町,"6,300.89",千足町一丁目1番7
ちびっこ広場（開発）,田中町３丁目北ちびっこ広場,本地,294.71,田中町三丁目50番101
ちびっこ広場（開発）,田中町３丁目西ちびっこ広場,本地,796.97,田中町三丁目50番102
ちびっこ広場（開発）,田中町３丁目南ちびっこ広場,本地,519.98,田中町三丁目50番地103
ふれあい広場,保見町ふれあい広場,保見町,"1,603.00",保見町権堂坊74番1
ちびっこ広場（開発）,本地町東ちびっこ広場,本地,228.16,本地町三丁目58番8
ちびっこ広場（開発）,柿本第１ちびっこ広場,深田山,427,柿本町二丁目7番8
ちびっこ広場（開発）,柿本第２ちびっこ広場,深田山,127,柿本町二丁目7番5
ちびっこ広場（開発）,柿本ちびっこ広場,深田山,288.09,柿本町七丁目21番15
ちびっこ広場（開発）,柿本町西ちびっこ広場,深田山,340.91,柿本町六丁目25番46
ちびっこ広場（開発）,柿本町東ちびっこ広場,深田山,222,柿本町五丁目6番12
ちびっこ広場（開発）,上丘団地ちびっこ広場,深田山,732.11,上丘町定林6番9
ちびっこ広場（開発）,田中町４丁目ちびっこ広場,深田山,139,田中町四丁目41番26
ちびっこ広場（開発）,田中町５丁目ちびっこ広場,深田山,560,田中町五丁目36番42
ちびっこ広場（開発）,田中町ちびっこ広場,深田山,121.04,田中町五丁目4番9
ちびっこ広場（開発）,田中町西ちびっこ広場,深田山,131,田中町五丁目3番5
ちびっこ広場（開発）,田中町東ちびっこ広場,深田山,481,田中町四丁目1番61
ふれあい広場,深田ふれあい広場,深田山,"4,382.23",深田町一丁目124番1
ちびっこ広場,柿本第３ちびっこ広場,深田山,"2,414.53",本地町四丁目61番1
ちびっこ広場,広久手町ちびっこ広場,広久手町,"1,189.07",広久手町2丁目18番地1
ちびっこ広場（開発）,京ケ峰団地ちびっこ広場,高橋,"1,173.35",京ケ峰二丁目1番234
児童遊園,京ケ峰西児童遊園,高橋,748.03,京ケ峰二丁目1番223
ふれあい広場,東広瀬上切ふれあい広場,東広瀬町上切,826,東広瀬町稲葉51番
ちびっこ広場（開発）,高橋町７丁目ちびっこ広場,高橋,338,高橋町七丁目8番6
ちびっこ広場,九久平ちびっこ広場,九久平,601,九久平町簗場27番2
ちびっこ広場（開発）,寺部町５丁目第１ちびっこ広場,寺部,330.48,寺部町五丁目1番44
ちびっこ広場（開発）,寺部町５丁目第２ちびっこ広場,寺部,395.99,寺部町五丁目1番54
ちびっこ広場（開発）,寺部町北ちびっこ広場,寺部,326.33,寺部町一丁目92番
ちびっこ広場,長沢町ちびっこ広場,長沢町,"1,314.00",長沢町冷畑29番1の一部
ちびっこ広場（開発）,双美ケ丘団地北ちびっこ広場,市木町,"1,362.98",双美町一丁目1番
ちびっこ広場（開発）,双美ケ丘団地ちびっこ広場,市木町,"1,982.80",双美町二丁目51番
ふれあい広場,林添ふれあい広場,林添町,"1,938.00",林添町東トウモ15番1
ちびっこ広場,平井ちびっこ広場,平井町,186,平井町八丁目34番の一部
ちびっこ広場,百々８丁目ちびっこ広場,百々,133.42,百々町八丁目65番6
ちびっこ広場（開発）,百々第１ちびっこ広場,百々,"1,212.00",百々町八丁目32番41
ちびっこ広場（開発）,百々第２ちびっこ広場,百々,790,百々町八丁目32番185
ちびっこ広場,百々ちびっこ広場,百々,603.1,百々町三丁目82番2
ふれあい広場,百々ふれあい広場,百々,933.94,百々町一丁目5
ちびっこ広場（開発）,美和町３丁目ちびっこ広場,美和町,776.06,美和町三丁目3番120
ちびっこ広場,松平町ちびっこ広場,松平,560.64,松平町神田14番2
ふれあい広場,扶桑町ふれあい広場,扶桑町,"1,645.69",扶桑町一丁目45番
ちびっこ広場（開発）,岩滝団地西ちびっこ広場,岩滝町,551.73,岩滝町滝坂416番82
ちびっこ広場（開発）,岩滝団地東ちびっこ広場,岩滝町,"2,983.06",岩滝町滝坂416番106
ちびっこ広場（開発）,岩滝町菅生ちびっこ広場,岩滝町,405.04,岩滝町菅生260番41
ふれあい広場,岩滝町ふれあい広場,岩滝町,"1,553.91",岩滝町花立203番3
ふれあい広場,野入コミュニティ広場,野入町,876.6,野入町椴木平11番地6
ふれあい広場,武節町コミュニティ広場,武節町,"1,486.00",武節町シロ山186番地1
ちびっこ広場（開発）,法沢団地ちびっこ広場,矢並町,"1,222.18",矢並町法沢688番61
ちびっこ広場,挙母町ちびっこ広場,一区,387.5,挙母町五丁目1番の一部
児童遊園,西町児童遊園,二区西部,333.68,西町二丁目28番の一部
児童遊園,大清水児童遊園,大清水,"1,527.59",大清水町大清水136番2
ちびっこ広場（開発）,東山第１ちびっこ広場,東山町,315.16,東山町四丁目1117番174
ちびっこ広場（開発）,東山第２ちびっこ広場,東山町,378.32,東山町四丁目1117番170
ちびっこ広場（開発）,東山第３ちびっこ広場,東山町,294.02,東山町二丁目1072番33
ちびっこ広場（開発）,東山第４ちびっこ広場,東山町,668.25,東山町二丁目1555番70
ちびっこ広場（開発）,東山第５ちびっこ広場,東山町,"1,774.61",東山町六丁目1079番地1
ちびっこ広場（開発）,東山第６ちびっこ広場,東山町,130.38,東山町五丁目1098番地4
ふれあい広場,東山町ふれあい広場,東山町,"7,029.30",東山町四丁目1117番181
児童遊園,森町児童遊園,森,550.42,森町六丁目122番1の一部
ふれあい広場,平和町ふれあい広場,平和町,"1,121.00",平和町七丁目6番地
ふれあい広場,中和会ふれあい広場,中和会,"1,237.00",和会町岩谷45番3
ちびっこ広場（開発）,野見山北ちびっこ広場,野見,446.66,野見山町三丁目21番19
ちびっこ広場（開発）,野見山町ちびっこ広場,野見,"1,032.67",野見山町二丁目18番49
ちびっこ広場,法眼団地ちびっこ広場,野見,894.36,野見町十二丁目68番1
ちびっこ広場（開発）,宝来団地ちびっこ広場,第１宝来,"1,538.46",宝来町四丁目758番106
ふれあい広場,第２宝来ふれあい広場,第２宝来,"2,500.02",志賀町香九礼1番12
ちびっこ広場（開発）,宝来団地西ちびっこ広場,第２宝来,916.51,宝来町四丁目755番4
ちびっこ広場（開発）,宝来団地東ちびっこ広場,第２宝来,448.44,宝来町四丁目755番99
ちびっこ広場（開発）,神池台団地中央ちびっこ広場,神池,568.05,神池町二丁目1236番175
ちびっこ広場（開発）,神池台団地西ちびっこ広場,神池,398.1,神池町二丁目1236番131
ちびっこ広場（開発）,神池団地ちびっこ広場,神池,161.91,神池町二丁目1236番575
ふれあい広場,美里二区ふれあい広場,美里二区,"1,169.96",美里二丁目20番7の一部
ちびっこ広場（開発）,野見山東ちびっこ広場,野見山,263.33,野見山町三丁目27番194
ちびっこ広場,和会ちびっこ広場,下和会,"1,050.00",和会町西郷82番1の一部
ちびっこ広場（開発）,泉町西ちびっこ広場,泉町,439.85,泉町山田198番62
ちびっこ広場（開発）,泉町東ちびっこ広場,泉町,"1,059.37",泉町三丁目2番117
ちびっこ広場（開発）,梅ケ根団地西ちびっこ広場,泉町,358.98,泉町梅ケ根242番73
ちびっこ広場（開発）,梅ケ根団地東ちびっこ広場,泉町,333.01,泉町梅ケ根242番55
ちびっこ広場（開発）,志賀町花柄ちびっこ広場,志賀町,124,志賀町花柄1004番5
ふれあい広場,下和会ふれあい広場,下和会,"1,887.76",和会町西郷35番1
ちびっこ広場,志賀ちびっこ広場,志賀町,120,志賀町前田370番の一部
ちびっこ広場,竹ちびっこ広場,竹上,500.37,竹町宮下38番の一部
ちびっこ広場,堤本町ちびっこ広場,堤本町,362.5,堤本町新池2番の一部
ちびっこ広場（開発）,志賀団地ちびっこ広場,志賀ﾆｭｰﾀｳﾝ,817.26,志賀町香九礼1番500
ちびっこ広場（開発）,志賀町ちびっこ広場,志賀ﾆｭｰﾀｳﾝ,203.22,志賀町香九礼1番444
ふれあい広場,志賀ニュータウンふれあい広場,志賀ﾆｭｰﾀｳﾝ,"1,581.47",志賀町神上り31番160
ちびっこ広場（開発）,古瀬間団地北ちびっこ広場,古瀬間ｸﾞﾘｰﾝﾊﾟｰｸ,"1,323.43",古瀬間町鳥ケ峯371番5
ちびっこ広場（開発）,古瀬間団地西ちびっこ広場,古瀬間ｸﾞﾘｰﾝﾊﾟｰｸ,"1,068.71",古瀬間町坂能瀬114番35
ちびっこ広場（開発）,古瀬間団地東ちびっこ広場,古瀬間ｸﾞﾘｰﾝﾊﾟｰｸ,972.64,古瀬間町鳥ケ峯371番144
ちびっこ広場（開発）,古瀬間団地南ちびっこ広場,古瀬間ｸﾞﾘｰﾝﾊﾟｰｸ,985.24,古瀬間町坂能瀬114番152
ちびっこ広場（開発）,五ケ丘第１ちびっこ広場,五ケ丘第２,402.76,五ケ丘二丁目12番
ちびっこ広場（開発）,五ケ丘第２ちびっこ広場,五ケ丘第３,431.77,五ケ丘三丁目19番
ちびっこ広場（開発）,五ケ丘第３ちびっこ広場,五ケ丘第７,601.24,五ケ丘七丁目6番
ちびっこ広場,堤町ちびっこ広場,堤町,602,堤町宮畔11番3の一部
ちびっこ広場（開発）,平和町３丁目ちびっこ広場,平和町,258.46,平和町三丁目8番6
ちびっこ広場（開発）,前山町第２ちびっこ広場,前山,389,前山町三丁目11番5
ちびっこ広場（開発）,前山町第３ちびっこ広場,前山,247.84,前山町二丁目6番14
ちびっこ広場,前山町ちびっこ広場,前山,776.71,前山町三丁目9番10
ちびっこ広場（開発）,明和団地ちびっこ広場,前山,134.43,明和町二丁目61番69
ちびっこ広場（開発）,明和町第１ちびっこ広場,前山,188.27,明和町六丁目50番8
ちびっこ広場（開発）,明和町第２ちびっこ広場,前山,301.93,明和町四丁目5番35
ちびっこ広場（開発）,明和町第４ちびっこ広場,前山,204,明和町四丁目7番26
ちびっこ広場（開発）,明和町西ちびっこ広場,前山,257.22,明和町二丁目32番29
ちびっこ広場（開発）,明和町東ちびっこ広場,前山,927.39,河合町三丁目39番14
ちびっこ広場（開発）,明和町南ちびっこ広場,前山,245.3,明和町六丁目2番6
ふれあい広場,明和南ふれあい広場,前山,"2,546.03",明和町六丁目42番2
ちびっこ広場（開発）,秋葉団地東ちびっこ広場,平山,"1,504.04",秋葉町八丁目21番39
ちびっこ広場（開発）,秋葉中央ちびっこ広場,平山,282,秋葉町七丁目13番125
ちびっこ広場,秋葉町南ちびっこ広場,平山,407.33,秋葉町八丁目7番59
ちびっこ広場（開発）,平山町北ちびっこ広場,平山,116.82,平山町一丁目8番130
ちびっこ広場（開発）,今ちびっこ広場,今,125.06,今町三丁目19番17
ちびっこ広場（開発）,今町１丁目ちびっこ広場,今,153.81,今町一丁目75番4
ちびっこ広場,今町７丁目ちびっこ広場,今,"1,060.45",今町七丁目50番6
ちびっこ広場（開発）,今町北ちびっこ広場,今,288.41,今町三丁目4番34
ちびっこ広場（開発）,今町西ちびっこ広場,今,245.89,今町六丁目15番4
ちびっこ広場（開発）,河合団地ちびっこ広場,今,190.84,河合町三丁目22番36
児童遊園,山之手児童遊園,山之手,870.29,山之手六丁目75番3
児童遊園,吉原児童遊園,吉原町,327.6,吉原町屋敷畠59番の一部
ちびっこ広場（開発）,丸山町７丁目ちびっこ広場,丸山,794.43,丸山町七丁目31番34
ちびっこ広場（開発）,丸山町９丁目ちびっこ広場,丸山,382.89,丸山町九丁目1番42
ちびっこ広場,花本ちびっこ広場,花本,"1,859.41",花本町宇津木105番の一部
ちびっこ広場（開発）,水源２丁目西ちびっこ広場,水源町,"1,323.93",水源町二丁目22番58
ちびっこ広場（開発）,水源２丁目東ちびっこ広場,水源町,413.25,水源町二丁目50番24
ちびっこ広場（開発）,水源３丁目ちびっこ広場,水源町,"2,139.05",水源町三丁目1番61
ちびっこ広場（開発）,水源４丁目北ちびっこ広場,水源町,243.06,水源町四丁目3番31
ちびっこ広場（開発）,水源４丁目西ちびっこ広場,水源町,406.26,水源町四丁目1番36
ちびっこ広場（開発）,水源４丁目東ちびっこ広場,水源町,225,水源町四丁目39番47
ちびっこ広場（開発）,水源４丁目南ちびっこ広場,水源町,601,水源町四丁目1番23
ちびっこ広場（開発）,水源５丁目北ちびっこ広場,水源町,182.58,水源町五丁目31番14
ちびっこ広場（開発）,水源５丁目西ちびっこ広場,水源町,130.31,水源五丁目1番28
ちびっこ広場（開発）,水源５丁目南ちびっこ広場,水源町,152,水源町五丁目49番8
ちびっこ広場（開発）,水源６丁目ちびっこ広場,水源町,576.05,水源町六丁目1番55
児童遊園,平戸橋児童遊園,平戸橋二区,538,平戸橋町上小田31番1
ちびっこ広場,中越戸ちびっこ広場,中越戸,417.62,越戸町松葉44番4の一部
ちびっこ広場（開発）,室町ちびっこ広場,下野見,274,室町一丁目1番2
ちびっこ広場（開発）,豊栄町東ちびっこ広場,豊栄町一区,231.73,豊栄町三丁目112番6
ちびっこ広場（開発）,豊栄町南ちびっこ広場,豊栄町一区,175,豊栄町三丁目131番1
ふれあい広場,藤藪ふれあい広場,豊栄町一区,"3,804.86",豊栄町二丁目48番7
児童遊園,下越戸児童遊園,下越戸,531,越戸町松葉128番4
ちびっこ広場（開発）,渡刈団地ちびっこ広場,渡刈町,"1,182.65",渡刈町下細畔3番77
ふれあい広場,渡刈町ふれあい広場,渡刈町,"4,198.00",渡刈町四丁目114番
ちびっこ広場,枝下町ちびっこ広場,枝下町,284.76,枝下町平岩29番1の一部
ふれあい広場,幸町ふれあい広場,幸町,"2,203.97",幸町大唐島108番1
ふれあい広場,亀首町第２ふれあい広場,亀首町,"2,738.00",亀首町札掛10番2の一部
ちびっこ広場（開発）,鴛鴨団地ちびっこ広場,鴛鴨,991.87,鴛鴨町上大岨6番42
ちびっこ広場,田籾ちびっこ広場,田籾町,392.75,田籾町鎌切9番の一部
ふれあい広場,豊栄二区ふれあい広場,豊栄二区,"3,516.00",豊栄町八丁目6番1
ちびっこ広場（開発）,豊栄町８丁目ちびっこ広場,豊栄二区,178.7,豊栄町八丁目1番30
ふれあい広場,田籾町ふれあい広場,田籾町,"2,605.25",田籾町鎌切9番の一部
ちびっこ広場,永覚町ちびっこ広場,永覚,817.18,永覚町上長根35番7
ふれあい広場,永覚ふれあい広場,永覚,"4,607.00",鴛鴨町葭池18番1
児童遊園,上伊保児童遊園,保見町,883,保見町北山59番1の一部
ちびっこ広場,東広瀬上切ちびっこ広場,東広瀬町上切,228,東広瀬町田広4番の一部
ふれあい広場,永覚新町ふれあい広場,永覚新町,"3,117.00",永覚新町五丁目192番
ふれあい広場,御幸本町ふれあい広場,御幸本町,"1,083.99",御幸本町四丁目206番10の一部
ちびっこ広場,大林５丁目ちびっこ広場,大林町,207,大林町５丁目1068番
ちびっこ広場,配津町ちびっこ広場,配津町,457,配津町蔵前51番
ふれあい広場,配津ふれあい広場,配津町,"1,913.00",配津町蔵前75番
ふれあい広場,阿弥陀堂ふれあい広場,阿弥陀堂,"3,066.15",畝部西町大垣内22番1
ふれあい広場,力石町ふれあい広場,力石町,"3,799.00",力石町組垣156番1の一部
ふれあい広場,畝部中切ふれあい広場,畝部中切,"2,112.95",畝部東町石神18番1
ちびっこ広場,中切ちびっこ広場,畝部中切,284.84,畝部東町長乱43番の一部
ちびっこ広場,宗定ちびっこ広場,宗定,544,畝部東町堀ノ内117番1
ふれあい広場,宗定ふれあい広場,宗定,"1,456.00",畝部東町堀ノ内117番2
ふれあい広場,中切町ふれあい広場,中切町,"1,305.00",中切町足ノ口1番1
ちびっこ広場（開発）,桝塚東町大分ちびっこ広場,桝塚東町,"1,132.84",桝塚東町大分1番14
ふれあい広場,松平志賀町第２ふれあい広場,松平志賀町,"4,191.36",松平志賀町宮ウラ2番1の一部
ふれあい広場,桝塚西町ふれあい広場,桝塚西町,"2,973.00",桝塚西町郷西32番
ふれあい広場,福受ふれあい広場,福受,"2,973.00",福受町中ノ切180番
ふれあい広場,上和会ふれあい広場,上和会,"3,139.00",和会町郷前7番
児童遊園,木瀬児童遊園,木瀬,793.52,木瀬町井ノ平232番
ふれあい広場,三巴ふれあい広場,三巴,"2,100.00",黒坂町下平2番地1
ちびっこ広場,須渕ちびっこ広場,浅野,518,須渕町中ノ切60番地の一部
ふれあい広場,樹木ふれあい広場,樹木,"1,831.00",樹木町一丁目12番1の一部
ふれあい広場,広美町ふれあい広場,広美町,"1,861.00",広美町北繁89番
ちびっこ広場（開発）,川田団地北ちびっこ広場,川田,549.95,畝部西町柳原1番64
ちびっこ広場（開発）,川田団地三角ちびっこ広場,川田,386.25,畝部東町川田61番102
ちびっこ広場（開発）,川田団地中央ちびっこ広場,川田,"1,669.33",畝部東町川田1番77
ふれあい広場,川田ふれあい広場,川田,"2,777.90",畝部東町船場12番1
児童遊園,清水団地北児童遊園,土橋,554.2,清水町五丁目19番85
ちびっこ広場（開発）,清水団地西ちびっこ広場,土橋,293.22,清水町七丁目11番16
ちびっこ広場（開発）,清水団地南ちびっこ広場,土橋,941,清水町六丁目1番93
ちびっこ広場（開発）,聖心北ちびっこ広場,土橋,621.16,聖心町四丁目11番68
ちびっこ広場（開発）,聖心町４丁目ちびっこ広場,土橋,280.08,聖心町四丁目12番35
ちびっこ広場（開発）,聖心町ちびっこ広場,土橋,415.7,聖心町三丁目86番23
ちびっこ広場（開発）,聖心西ちびっこ広場,土橋,283,聖心町二丁目24番8
ちびっこ広場（開発）,聖心東ちびっこ広場,土橋,206,聖心町四丁目44番34
ちびっこ広場（開発）,土橋町５丁目ちびっこ広場,土橋,121,土橋町五丁目14番23
児童遊園,緑ケ丘児童遊園,緑ケ丘,667.22,緑ケ丘二丁目36番
ちびっこ広場（開発）,緑ケ丘西ちびっこ広場,緑ケ丘,134.83,緑ケ丘五丁目6番14
ちびっこ広場（開発）,大林１丁目ちびっこ広場,東田,340.78,大林町一丁目6番55
ちびっこ広場（開発）,大林西ちびっこ広場,東田,295.5,大林町一丁目8番45
ちびっこ広場（開発）,寿町南ちびっこ広場,東田,116,寿町八丁目65番2
ふれあい広場,東田ふれあい広場,東田,"1,196.76",寿町四丁目26番4
ちびっこ広場,寺部ちびっこ広場,高橋,"1,630.00",社町1番の一部
ちびっこ広場（開発）,住吉町ちびっこ広場,竹上,183.62,住吉町前邸119番10
ふれあい広場,山中町ふれあい広場,山中町,"2,074.28",山中町中トンモ627番1
児童遊園,御立町児童遊園,御立,365,御立町十丁目150番の一部
ふれあい広場,竹上ふれあい広場,竹上,"1,667.52",住吉町八百山82番
ちびっこ広場（開発）,竜神西ちびっこ広場,竹上,589.54,竜神町寺池1番60
ちびっこ広場（開発）,竜神東ちびっこ広場,竹上,447.71,竜神町寺池1番115
ちびっこ広場,御立町東ちびっこ広場,御立,141.75,御立町五丁目34番の一部
児童遊園,中町児童遊園,竹中,"1,259.00",中町浜居場71番
ちびっこ広場（開発）,竹元町北ちびっこ広場,竹下,287,竹元町南嶋175番7
ちびっこ広場（開発）,竹元町西ちびっこ広場,竹下,"1,088.82",竹元町二ツ池6番8
児童遊園,隣松寺児童遊園,隣松寺,460,幸町隣松寺254番1
ふれあい広場,竹中ふれあい広場,竹中,"3,766.00",中町浜居場72番地8
ちびっこ広場,堤町下町ちびっこ広場,堤町,"1,350.00",堤町下町74番の一部
ちびっこ広場,吉原町東ちびっこ広場,吉原町,408.47,吉原町平池104番1
ふれあい広場,下古屋ふれあい広場,下古屋,"1,396.00",四郷町六反田81番1
ちびっこ広場,加納ちびっこ広場,加納町,268.87,加納町下大坪1番の一部
ちびっこ広場,本町南部ちびっこ広場,本町,"1,031.27",本町石根144番
ふれあい広場,若林西ふれあい広場,若林,"2,054.33",若林西町北間15番3
ちびっこ広場（開発）,上外根北ちびっこ広場,若林,185,若林東町上外根63番33
ちびっこ広場（開発）,上外根ちびっこ広場,若林,217.65,若林東町上外根63番6
ちびっこ広場（開発）,棚田ちびっこ広場,若林,551.52,若林東町棚田30番40
ちびっこ広場,大畑町ちびっこ広場,大畑,279.66,大畑町寺ケ洞183番1
児童遊園,保見町東児童遊園,保見町,899,保見町松本67番
児童遊園,東保見児童遊園,東保見町,601,東保見町薮下5番
ちびっこ広場（開発）,棚田西ちびっこ広場,若林,326.65,若林東町棚田1番1
ちびっこ広場（開発）,宮間団地北ちびっこ広場,若林,284.7,若林東町宮間70番4
ちびっこ広場（開発）,宮間団地東ちびっこ広場,若林,218.7,若林東町宮間44番41
ちびっこ広場（開発）,宮間団地南ちびっこ広場,若林,132,若林東町宮間64番4
ちびっこ広場,若林新屋敷ちびっこ広場,若林,250,若林東町新屋敷15番4の一部
ちびっこ広場（開発）,若林石根ちびっこ広場,若林,"1,042.91",若林東町石根30番34
ちびっこ広場（開発）,若林上ノ田ちびっこ広場,若林,449.05,若林東町上ノ田37番56
ちびっこ広場（開発）,若林第１ちびっこ広場,若林,136,若林東町宮間22番9
ちびっこ広場（開発）,若林高根下ちびっこ広場,若林,297.94,若林東町高根下51番5
ちびっこ広場（開発）,若林塚本ちびっこ広場,若林,155,若林西町塚本125番6
ちびっこ広場（開発）,若林東町ちびっこ広場,若林,798.1,若林東町上ノ田3番27
ちびっこ広場（開発）,若林宮間ちびっこ広場,若林,177,若林東町宮間85番25
ふれあい広場,高美町ふれあい広場,高美町,"2,373.08",高美町五丁目47番
ちびっこ広場（開発）,高美西ちびっこ広場,高美町,"1,776.03",高美町一丁目1番
ちびっこ広場（開発）,高美東ちびっこ広場,高美町,"1,710.70",高美町七丁目45番
ちびっこ広場,石野町ちびっこ広場,石野町,544.03,石野町下谷下137番4
児童遊園,高岡町児童遊園,高岡町,"1,649.00",高岡町秋葉山10番1の一部
ちびっこ広場（開発）,高岡町長根ちびっこ広場,高岡町,237.78,高岡町長根26番地19
ちびっこ広場,穂積町ちびっこ広場,穂積町,"1,539.00",穂積町吉作43番2の一部
ふれあい広場,前林北ふれあい広場,前林,"2,687.35",前林町北30番4
ちびっこ広場（開発）,前林団地ちびっこ広場,前林,640.09,前林町隅田12番27
ちびっこ広場（開発）,前林東ちびっこ広場,前林,178.67,前林町桜田108番
ふれあい広場,前林ふれあい広場,前林,"10,558.78",高丘新町上平地3番1
ちびっこ広場（開発）,大島町第２ちびっこ広場,大島町,153,大島町元の山22番15
ちびっこ広場（開発）,大島町ちびっこ広場,大島町,710,大島町元の山26番54
ちびっこ広場,林添ちびっこ広場,林添町,246.04,林添町井ノ向57番1の一部
ふれあい広場,下川口ふれあい広場,下川口,"2,398.00",下川口町水汲585番地
ちびっこ広場,東新町ちびっこ広場,本地新田,722.65,東新町三丁目19番1の一部
ちびっこ広場（開発）,本田町北ノ脇ちびっこ広場,本田,206.29,本田町北ノ脇53番1
ちびっこ広場,本田町ちびっこ広場,本田,500,本田町本田30番
ふれあい広場,東新町ふれあい広場,本地新田,"1,092.00",東新町三丁目19番1の一部
ふれあい広場,堤本町ふれあい広場,堤本町,628,堤本町西川37番の一部
ちびっこ広場,古瀬間ちびっこ広場,古瀬間,462,古瀬間町古宿137番1の一部
ふれあい広場,古瀬間ふれあい広場,古瀬間,944.21,古瀬間町古宿136番
ちびっこ広場（開発）,堤町上町ちびっこ広場,堤町,740.03,堤町上町10番3
ふれあい広場,堤町ふれあい広場,堤町,"3,849.00",堤町神田56番
ちびっこ広場,渡刈町川田ちびっこ広場,渡刈町,"3,382.00",渡刈町川田47番6
ふれあい広場,竹下ふれあい広場,竹下,"2,003.00",竹元町池の内8番
ちびっこ広場,狸山ちびっこ広場,若林,"1,332.00",若林東町三和75番
ふれあい広場,駒新ふれあい広場,駒場,"2,082.27",駒新町中通87番3
ちびっこ広場（開発）,駒場町鯒尾ちびっこ広場,駒場,470,駒場町鯒尾1番20
ちびっこ広場（開発）,駒場町田戸ちびっこ広場,駒場,275,駒場町田戸51番46
ふれあい広場,若林東山ふれあい広場,若林,"1,275.00",若林東町東山48番2
児童遊園,西岡町児童遊園,西岡町,"1,983.00",西岡町唐池84番
ふれあい広場,西岡町ふれあい広場,西岡町,"3,712.00",西岡町唐池85番1
児童遊園,花園児童遊園,花園町,488,花園町井田24番
ちびっこ広場（開発）,中田団地ちびっこ広場,中田,"1,322.32",中田町日進2番84
ちびっこ広場（開発）,星ケ丘ちびっこ広場,星ケ丘,356.11,大島町星ケ丘1番72
ふれあい広場,八草ふれあい広場,八草,"3,300.00",八草町中切272番の一部
ちびっこ広場,貝津町ちびっこ広場,貝津町,387.9,貝津町柚木45番
ちびっこ広場（開発）,吉原町平池ちびっこ広場,吉原町,149,吉原町平池124番14
ちびっこ広場（開発）,さつき第１ちびっこ広場,中根,507.33,吉原町長田13番84
ちびっこ広場（開発）,さつき第２ちびっこ広場,中根,"1,004.58",中根町小根崎4番68
ちびっこ広場（開発）,中根団地北ちびっこ広場,中根,"1,727.00",中根町西山8番248
ちびっこ広場（開発）,中根団地中ちびっこ広場,中根,533.2,中根町西山8番90
ちびっこ広場（開発）,中根団地南ちびっこ広場,中根,883,中根町西山8番247
ちびっこ広場（開発）,中根町西ちびっこ広場,中根,132.12,中根町西山117番6
ふれあい広場,中根町ふれあい広場,中根,"3,096.00",中根町永丘164番
ちびっこ広場（開発）,中根町南ちびっこ広場,中根,275.1,中根町小訳172番24
ちびっこ広場（開発）,さつき第５ちびっこ広場,中根,350.19,花園町一本木1番29
児童遊園,滝見町児童遊園,七重,"1,048.00",滝見町中江通2番1
ちびっこ広場（開発）,さつき第３ちびっこ広場,花園町,381.32,花園町一本木11番52
ちびっこ広場（開発）,さつき第４ちびっこ広場,花園町,447.83,花園町一本木11番14
ちびっこ広場（開発）,新田ちびっこ広場,花園町,455.43,花園町新田15番6
ふれあい広場,中垣内町ふれあい広場,中垣内町,"1,306.00",中垣内町川端前28番3
ちびっこ広場,花園桜団地ちびっこ広場,花園町,"1,847.00",花園町桜2番
ちびっこ広場（開発）,花園台ちびっこ広場,花園町,509.17,花園町花園台1番6
ちびっこ広場（開発）,花園団地北ちびっこ広場,花園町,328,花園町馬捨79番
ちびっこ広場（開発）,花園団地中央ちびっこ広場,花園町,207.15,花園町塩倉11番3
ちびっこ広場（開発）,花園団地西ちびっこ広場,花園町,497.79,花園町新田64番32
ちびっこ広場（開発）,花園団地東ちびっこ広場,花園町,285.68,花園町若石山13番30
ちびっこ広場（開発）,花園団地南ちびっこ広場,花園町,263,花園町小松原145番
ちびっこ広場（開発）,花園若石山ちびっこ広場,花園町,99,花園町若石山41番34
ちびっこ広場,加茂川町ちびっこ広場,加茂川町,380.93,加茂川町本郷9番3
ちびっこ広場（開発）,脇ノ田北ちびっこ広場,花園町,525.17,花園町脇ノ田7番24
ちびっこ広場（開発）,脇ノ田南ちびっこ広場,花園町,452.14,花園町脇ノ田17番25
児童遊園,若宮児童遊園,中区,608.98,若宮町二丁目14番地4の一部
ちびっこ広場（開発）,花本第２ちびっこ広場,花本,201,花本町青木3番43
ちびっこ広場（開発）,荒井ちびっこ広場,荒井,160.52,荒井町下原421番22
ふれあい広場,荒井ふれあい広場,荒井,887,荒井町松島350番3の一部(平成記念橋高架下)
ふれあい広場,青木台第２ふれあい広場,青木台,"2,006.09",青木町二丁目57番12１
ふれあい広場,上原ふれあい広場,上原,"6,301.00",上原町殿上30番2
ちびっこ広場（開発）,青木団地東ちびっこ広場,青木台,783.79,青木町二丁目57番83の一部
ちびっこ広場（開発）,青木団地南ちびっこ広場,青木台,350.44,青木町一丁目74番1
ちびっこ広場（開発）,青木町北ちびっこ広場,青木台,363.31,青木町一丁目25番21
ちびっこ広場（開発）,青木町第１ちびっこ広場,青木台,244.02,青木町一丁目31番47
ちびっこ広場（開発）,青木町第２ちびっこ広場,青木台,201.14,青木町一丁目71番5
ちびっこ広場（開発）,青木町第３ちびっこ広場,青木台,309.17,青木町四丁目35番22
ちびっこ広場（開発）,青木町東ちびっこ広場,青木台,155.05,青木町一丁目28番9
ちびっこ広場（開発）,青木原団地北ちびっこ広場,青木台,223.36,青木町一丁目29番33
ちびっこ広場（開発）,青木原団地西ちびっこ広場,青木台,347.63,青木町二丁目61番42
ちびっこ広場（開発）,青木原団地東ちびっこ広場,青木台,110.71,青木町二丁目97番32
ちびっこ広場（開発）,青木原団地南ちびっこ広場,青木台,263.75,青木町二丁目8番25
ちびっこ広場（開発）,平戸橋永和ちびっこ広場,平戸橋一区,119,平戸橋町永和74番19
ちびっこ広場（開発）,平戸橋団地ちびっこ広場,平戸橋一区,306.96,平戸橋町波岩60番22
ちびっこ広場（開発）,平戸橋町波岩北ちびっこ広場,平戸橋一区,760.97,平戸橋町波岩86番310
ちびっこ広場（開発）,平戸橋町波岩西ちびっこ広場,平戸橋一区,649.92,平戸橋町波岩86番308
ちびっこ広場（開発）,平戸橋町波岩南ちびっこ広場,平戸橋一区,"1,827.77",平戸橋町波岩86番311
ちびっこ広場（開発）,平戸橋西ちびっこ広場,平戸橋一区,567.6,平戸橋町永和63番4
ふれあい広場,朝日ケ丘第２ふれあい広場,樹木,"1,983.00",朝日ケ丘四丁目5番
ふれあい広場,平戸橋二区ふれあい広場,平戸橋二区,"1,177.00",平戸橋町神田195番
ちびっこ広場,天王ちびっこ広場,宮口上,"1,401.00",天王町五丁目105番1
児童遊園,宮口児童遊園,宮口一色,"1,271.75",宮口町一丁目92番1の一部
ちびっこ広場（開発）,越戸町ちびっこ広場,下越戸,180.02,越戸町梅盛74番28
ちびっこ広場,扶桑ちびっこ広場,扶桑町,824,扶桑町四丁目30番1の一部
ふれあい広場,枝下町ふれあい広場,枝下町,"1,563.79",枝下町岩里林482番16
ちびっこ広場,手呂団地ちびっこ広場,手呂町,812.25,手呂町樋田327番1の一部
ふれあい広場,西広瀬町ふれあい広場,西広瀬町,"1,718.53",西広瀬町大久保395番2
ちびっこ広場（開発）,青木団地北ちびっこ広場,青木,189.75,青木町五丁目10番17
ちびっこ広場（開発）,青木ちびっこ広場,青木,155.49,青木町五丁目18番41
ちびっこ広場（開発）,青木町南ちびっこ広場,青木,162.07,青木町五丁目16番29
ちびっこ広場,天道北ちびっこ広場,天道,355,四郷町山畑139番13
ちびっこ広場（開発）,天道団地西ちびっこ広場,天道,713,四郷町天道99番186
ちびっこ広場（開発）,天道団地東ちびっこ広場,天道,358.84,四郷町天道99番185
ちびっこ広場（開発）,天道団地南ちびっこ広場,天道,810.63,四郷町天道46番61
ちびっこ広場（開発）,天道南ちびっこ広場,天道,244.45,四郷町天道89番67
ちびっこ広場,山中町ちびっこ広場,山中町,351.75,山中町日陰364番の一部
ちびっこ広場,四郷森前ちびっこ広場,下古屋,602.45,四郷町森前
ふれあい広場,志賀町ふれあい広場,志賀町,"1,736.63",志賀町前田373番1の一部
児童遊園,下古屋児童遊園,下古屋,614.24,四郷町六反田81番5
ちびっこ広場（開発）,井上町６丁目第２ちびっこ広場,井上,130.02,井上町六丁目51番8
児童遊園,井上児童遊園,井上,497.71,井上町六丁目160番14
ちびっこ広場（開発）,井上団地ちびっこ広場,井上,187.53,井上町八丁目16番8
ちびっこ広場（開発）,井上団地西ちびっこ広場,井上,"1,035.25",井上町十一丁目1番70
ちびっこ広場（開発）,井上団地東ちびっこ広場,井上,875.06,井上町二丁目112番42
ちびっこ広場,井上町中央ちびっこ広場,井上,245,井上町六丁目31番3の一部
ちびっこ広場（開発）,井上町２丁目ちびっこ広場,井上,367.78,井上町二丁目84番62
ちびっこ広場（開発）,井上町６丁目ちびっこ広場,井上,193.29,井上町六丁目68番地5
ちびっこ広場（開発）,井上町８丁目ちびっこ広場,井上,284,井上町八丁目8番32
ちびっこ広場（開発）,井上町ちびっこ広場,井上,204.47,井上町十二丁目125番21
ちびっこ広場（開発）,井上町２丁目第２ちびっこ広場,井上,335.22,井上町二丁目41番地36
ふれあい広場,井上ふれあい広場,井上,"1,487.49",井上町六丁目31番3の一部
ちびっこ広場（開発）,井上南ちびっこ広場,井上,280.7,井上町十二丁目150番47
ちびっこ広場,幸町ちびっこ広場,幸町,261.5,幸町宮浦41番の一部
児童遊園,豊栄町児童遊園,豊栄二区,"2,346.00",豊栄町五丁目121番
ちびっこ広場（開発）,御船町第１ちびっこ広場,御船町,353.61,御船町奥山畑7番54
ちびっこ広場（開発）,御船町第２ちびっこ広場,御船町,367.2,御船町奥山畑7番60
ちびっこ広場,御船町第３ちびっこ広場,御船町,283.5,御船町登り22番2の一部
ちびっこ広場,猿投ちびっこ広場,猿投,909,猿投町神郷下8番
ちびっこ広場,阿弥陀堂ちびっこ広場,阿弥陀堂,436,畝部西町大垣内22番2の一部
ちびっこ広場,中和会ちびっこ広場,中和会,282,和会町岩谷45番6の一部
ちびっこ広場,西広瀬ちびっこ広場,西広瀬町,596.58,西広瀬町市場252番6の一部
ちびっこ広場,乙部ちびっこ広場,乙部,158.5,乙部町前田231番1の一部
ふれあい広場,貝津町ふれあい広場,貝津町,"2,183.00",貝津町鳶山27番
ふれあい広場,乙部ふれあい広場,乙部,"2,485.95",乙部町北屋敷1027番9
ちびっこ広場,伊保町ちびっこ広場,伊保町,"1,038.00",伊保町上北野36番
ふれあい広場,滝脇町ふれあい広場,滝脇町,690,滝脇町西洞36番の一部
ちびっこ広場（開発）,亀首ちびっこ広場,亀首町,135,亀首町雁ヶ根31番129
ちびっこ広場（開発）,亀首団地第１ちびっこ広場,さなげ台,"1,303.07",亀首町八ツ口洞649番
ちびっこ広場（開発）,亀首団地第２ちびっこ広場,さなげ台,"1,326.02",亀首町八ツ口洞650番
ちびっこ広場（開発）,亀首団地第３ちびっこ広場,さなげ台,"1,267.66",亀首町八ツ口洞651番
ちびっこ広場（開発）,亀首団地第４ちびっこ広場,さなげ台,556.18,亀首町八ツ口洞652番
ちびっこ広場（開発）,亀首団地第５ちびっこ広場,さなげ台,"1,176.89",亀首町八ツ口洞653番
ちびっこ広場,鍋田町ちびっこ広場,鍋田,722,鍋田町丸山21番の一部
ちびっこ広場（開発）,八草割田ちびっこ広場,八草,634.62,八草町割田869番地6
ふれあい広場,宮口新田ふれあい広場,宮口新田,"1,122.30",宮町七丁目94番1
ちびっこ広場,丸山町ちびっこ広場,丸山,"1,138.40",丸山町六丁目24番1の一部
ちびっこ広場,四郷ちびっこ広場,天道,661,四郷町天道9番1
ふれあい広場,御船町ふれあい広場,御船町,"5,291.02",御船町西稲場19番6
ふれあい広場,金谷ふれあい広場,金谷,"1,731.00",金谷町四丁目57番
ちびっこ広場,宮上町ちびっこ広場,宮口上,168,宮上町七丁目138番
ちびっこ広場,矢並町ちびっこ広場,矢並町,580.4,矢並町香沢187番1の一部
ふれあい広場,保見南山ふれあい広場,保見町,"10,407.00",保見町四ツ足141番2の一部
ふれあい広場,渡合ふれあい広場,渡合,"2,369.00",渡合町三丁目50番1
ちびっこ広場（開発）,東保見町根川ちびっこ広場,東保見町,947.01,東保見町根川53番地52
ちびっこ広場（開発）,東保見町山洞ちびっこ広場,東保見町,561.35,東保見町山洞357番21
児童遊園,永覚児童遊園,永覚,636,永覚町南訳1番1
ちびっこ広場,竹下ちびっこ広場,竹下,987,竹元町清水ノ上9番1
児童遊園,広田町児童遊園,竹下,322.4,広田町富田43番の一部
ちびっこ広場（開発）,伊保町向山ちびっこ広場,伊保町,453.94,伊保町向山25番5
ふれあい広場,広田ふれあい広場,竹下,"1,588.60",広田町富田43番の一部
ふれあい広場,伊保町ふれあい広場,伊保町,"4,759.70",貝津町箕輪238番地先
ふれあい広場,駒場ふれあい広場,駒場,"2,397.25",駒場町元城44番1の一部
ふれあい広場,本地町ふれあい広場,本地,"1,589.33",本地町十丁目145番1
ちびっこ広場（開発）,東広瀬団地西ちびっこ広場,東広瀬町上切,"1,082.56",東広瀬町極楽14番42
ちびっこ広場（開発）,東広瀬団地東ちびっこ広場,東広瀬町上切,883.7,東広瀬町大根11番49
ふれあい広場,大見町ふれあい広場,大見,"1,496.00",大見町七丁目67番1
ふれあい広場,下野見ふれあい広場,下野見,974,室町一丁目70番
児童遊園,永覚第１児童遊園,永覚,229.51,永覚町下山畑33番1の一部
ふれあい広場,芳友町ふれあい広場,芳友町,"1,757.00",芳友町前田159番
ちびっこ広場,竹元東ちびっこ広場,竹下,"1,065.00",竹元町外田176番
ちびっこ広場,西田町ちびっこ広場,西田町,"1,011.29",西田町本通24番7の一部
ふれあい広場,宮間ふれあい広場,若林,"1,559.27",若林東町宮間59番2の一部
ちびっこ広場（開発）,幸穂台４丁目ちびっこ広場,幸海町,510.86,幸穂台四丁目4番
ちびっこ広場,堤町平松ちびっこ広場,堤町,363.29,堤町平松44番2
ちびっこ広場（開発）,幸穂台１丁目ちびっこ広場,穂積町,772.29,幸穂台一丁目2番
ふれあい広場,花園第２ふれあい広場,花園町,"2,297.00",花園町下大切69番1の一部
ふれあい広場,加納町ふれあい広場,加納町,"1,649.00",加納町上ノ段1番1
ちびっこ広場（開発）,松平志賀町第２ちびっこ広場,松平志賀町,268.79,松平志賀町ゴゼ14番29
ちびっこ広場（開発）,松平志賀町ちびっこ広場,松平志賀町,251.61,松平志賀町トイタ7番1
ちびっこ広場（開発）,松平団地北ちびっこ広場,松平志賀町,"1,004.70",松平志賀町マゴイチ10番16
ふれあい広場,松平志賀町ふれあい広場,松平志賀町,"5,132.29",松平志賀町四反田1番3
ふれあい広場,舞木ふれあい広場,舞木町,"3,000.00",舞木町焼山1102番5の一部
ちびっこ広場（開発）,九久平団地ちびっこ広場,九久平,"1,525.83",九久平町堂ノ根101番
ふれあい広場,九久平町ふれあい広場,九久平,"1,500.00",九久平町宮下8番
ちびっこ広場（開発）,鵜ケ瀬第２ちびっこ広場,鵜ケ瀬町,"1,434.60",鵜ケ瀬町渡瀬25番13
ちびっこ広場,鵜ケ瀬ちびっこ広場,鵜ケ瀬町,"1,148.00",鵜ケ瀬町荒井15番の一部
ちびっこ広場（開発）,鵜ケ瀬町澤ちびっこ広場,鵜ケ瀬町,474.09,鵜ケ瀬町澤4番7
ふれあい広場,篠原町ふれあい広場,篠原町,"2,155.40",篠原町キヨツカ３７・３８番合併
ちびっこ広場（開発）,中垣内第１ちびっこ広場,中垣内町,154.11,中垣内町百々68番
ふれあい広場,石野町ふれあい広場,石野町,"1,439.41",石野町前坂440番1の一部
ちびっこ広場,幸海町ちびっこ広場,幸海町,525.6,幸海町池杁2番
ちびっこ広場,桂野町ちびっこ広場,桂野町,"1,301.12",桂野町垣内田26番地
ふれあい広場,陣中町ふれあい広場,陣中町,"1,755.00",陣中町一丁目10番3
ふれあい広場,寺部町ふれあい広場,寺部,"2,678.85",寺部町四丁目33番1の一部
ちびっこ広場,渡刈町ちびっこ広場,渡刈町,"1,390.99",渡刈町北田62番2の一部
ちびっこ広場（開発）,林添町上三五田和ちびっこ広場,林添町,297,林添町上三五田和10番40
ふれあい広場,宝町第２ふれあい広場,竹上,781.87,宝町玉泉102番1の一部
ふれあい広場,宝町ふれあい広場,竹上,555,宝町玉泉102番4の一部
ちびっこ広場（開発）,岩倉町第１ちびっこ広場,岩倉東,389,岩倉町柿田76番6
ちびっこ広場（開発）,岩倉町第２ちびっこ広場,岩倉東,366,岩倉町柿田1番67
ちびっこ広場（開発）,岩倉町第３ちびっこ広場,岩倉東,624,岩倉町柿田1番3
ちびっこ広場（開発）,岩倉町第４ちびっこ広場,岩倉東,418.56,岩倉町馬場1番36
ちびっこ広場（開発）,岩倉町第５ちびっこ広場,岩倉東,378,岩倉町平古36番15
ふれあい広場,岩倉東ふれあい広場,岩倉東,"1,074.00",岩倉町馬場136番
ちびっこ広場,岩倉南ちびっこ広場,岩倉南,896.89,岩倉町申堂58番地7の一部
ちびっこ広場,岩倉西ちびっこ広場,岩倉西,649.19,岩倉町上室45番2の一部
ちびっこ広場（開発）,松平団地南ちびっこ広場,巴町,852.56,巴町細畑4番10
ちびっこ広場（開発）,飯野太田代東ちびっこ広場,藤岡飯野,436.18,藤岡飯野町太田代1134番58
ちびっこ広場（開発）,飯野田ノ平ちびっこ広場,藤岡飯野,209.24,藤岡飯野町田ノ平28番17
ちびっこ広場,飯野二反田東ちびっこ広場,藤岡飯野,107.44,藤岡飯野町二反田465番10
ちびっこ広場（開発）,飯野大川ヶ原ちびっこ広場,藤源,280.01,藤岡飯野町大川ヶ原1167番111
ちびっこ広場（開発）,北一色藤ノ木ちびっこ広場,北一色,411.51,北一色町藤ノ木880番1
ちびっこ広場（開発）,北一色向イ平北ちびっこ広場,北一色,289.01,北一色町向イ平328番4
ちびっこ広場（開発）,北一色向イ平南ちびっこ広場,北一色,469.25,北一色町向イ平328番10
ちびっこ広場（開発）,深見鳥目ちびっこ広場,迫町,179.19,深見町鳥目1026番64
児童遊園,御作児童遊園,御作町,"1,178.47",御作町西川966番121
ちびっこ広場（開発）,御作町ちびっこ広場,御作町,119.91,御作町紙屋下940番10
児童遊園,御作東部児童遊園,御作町,619.08,御作町日沢620番9
ちびっこ広場,上丘町ちびっこ広場,上丘町,409.96,上丘町甲中才1番の一部
ちびっこ広場,生駒町ちびっこ広場,駒場,740.5,生駒町宝92番地の一部
ちびっこ広場（開発）,木瀬荒田西ちびっこ広場,木瀬,321,木瀬町荒田831番37
ちびっこ広場（開発）,木瀬荒田東ちびっこ広場,木瀬,139.76,木瀬町荒田830番13
ちびっこ広場（開発）,木瀬郷戸ちびっこ広場,木瀬,89.73,木瀬町郷戸1108番3
ちびっこ広場,石畳坂下西ちびっこ広場,石畳,470.9,石畳町坂下253番199
ちびっこ広場（開発）,上渡合石ノ堂ちびっこ広場,上渡合,450.88,上渡合町石ノ堂336番16
ちびっこ広場（開発）,上渡合萩平北ちびっこ広場,上渡合,406.75,上渡合町萩平315番45
ちびっこ広場（開発）,折平上赤土西ちびっこ広場,ファーツリー,"1,210.18",折平町上赤土545番8
ちびっこ広場（開発）,折平西屋敷東ちびっこ広場,ファーツリー,289.78,折平町西屋敷555番36
ちびっこ広場（開発）,折平上赤土東ちびっこ広場,ファーツリー,440.4,折平町上赤土545番44
ちびっこ広場（開発）,深見岩花北ちびっこ広場,深見,264.68,深見町岩花1069番126
ちびっこ広場（開発）,深見岩花南ちびっこ広場,深見,198.77,深見町岩花1069番142
ちびっこ広場（開発）,深見小畑北ちびっこ広場,深見,401.63,深見町小畑964番75
ちびっこ広場（開発）,深見小畑南ちびっこ広場,深見,722.05,深見町小畑964番71
ちびっこ広場（開発）,深見才田ちびっこ広場,深見,253.76,深見町才田427番37
ちびっこ広場（開発）,深見四反田ちびっこ広場,深見,461.86,深見町四反田1033番145
ちびっこ広場（開発）,深見常楽北ちびっこ広場,深見,314.45,深見町常楽997番204
ちびっこ広場（開発）,深見常楽南ちびっこ広場,深見,394.41,深見町常楽997番214
ちびっこ広場（開発）,西中山荒子北ちびっこ広場,西中山,264.75,西中山町荒子1番35
ちびっこ広場（開発）,西中山猿田北第３ちびっこ広場,西中山,881.48,西中山町猿田18番地1
ちびっこ広場（開発）,西中山清水口ちびっこ広場,西中山,181.64,西中山町清水口130番地30
ちびっこ広場（開発）,西中山辻貝戸北ちびっこ広場,西中山,320.65,西中山町辻貝戸109番253
ちびっこ広場（開発）,西中山辻貝戸南ちびっこ広場,西中山,"1,968.83",西中山町辻貝戸109番254
ちびっこ広場（開発）,西中山道貝ちびっこ広場,西中山,"1,829.24",西中山町道貝44番地24
ちびっこ広場（開発）,西中山中清田ちびっこ広場,西中山,320,西中山町中清田55番45
ちびっこ広場（開発）,西中山東宮前ちびっこ広場,西中山,"1,081.20",西中山町東宮前43番地44
ちびっこ広場（開発）,西中山又吉洞ちびっこ広場,西中山,283.22,西中山町又吉洞1番65
ちびっこ広場（開発）,西中山三ツ田ちびっこ広場,西中山,553.03,西中山町三ツ田32番地44
ちびっこ広場（開発）,西中山後田ちびっこ広場,藤営,559.18,西中山町後田99番24
ちびっこ広場（開発）,西中山猿田北第２ちびっこ広場,藤営,262,西中山町猿田14番93
ちびっこ広場（開発）,西中山猿田北ちびっこ広場,藤営,199,西中山町猿田15番112
ちびっこ広場（開発）,西中山猿田ちびっこ広場,藤営,343.7,西中山町猿田61番23
ちびっこ広場（開発）,西中山猿田西ちびっこ広場,藤営,261,西中山町猿田40番28
ちびっこ広場（開発）,藤岡ニューハイツ中ちびっこ広場,藤岡ニューハイツ,448.13,西中山町十七屋4番294
ちびっこ広場（開発）,藤岡ニューハイツ西ちびっこ広場,藤岡ニューハイツ,"2,052.05",西中山町十七屋4番26
ふれあい広場,旧大多賀小学校校庭,明和,"1,319.00",大多賀町三浦11番地1
ちびっこ広場（開発）,おおくら台公園,大蔵,360,大蔵町久上17番地34の一部
ちびっこ広場（開発）,東渡合町第１ちびっこ広場,御蔵,312.27,東渡合町東田面1番地9
ちびっこ広場（開発）,東渡合町第２ちびっこ広場,御蔵,256.59,東渡合町根畑21番地5
児童遊園,高町児童遊園,高町,"1,357.43",高町東山126番の一部
ちびっこ広場,まどいの丘ちびっこ広場,和合,608.91,神殿町畑田1番地2の一部
児童遊園,本徳児童遊園,本徳,443,本徳町向山615番1
児童遊園,小渡児童遊園,小渡,856,小渡町南貝津7番地４
ふれあい広場,太田農村公園,敷島,"2,034.00",太田町宮前68番地
ふれあい広場,稲橋コミュニティグラウンド,稲武町,"1,141.00",稲武町中シモ田3番地12
ふれあい広場,大野瀬コミュニティ広場,大野瀬町,"3,873.57",大野瀬町タイラ4番3
ふれあい広場,押川コミュニティグラウンド,押山,"3,620.09",押山町ススベ99番地1の一部
ふれあい広場,小田木コミュニティグラウンド,小田木町,"2,602.00",小田木町清水畑13番地4
ふれあい広場,黒田コミュニティ広場,黒田町,"1,456.00",黒田町古屋貝戸216番地2
ふれあい広場,東保見ふれあい広場,東保見町,"2,958.00",東保見町根川856番の一部
ちびっこ広場,国附町ちびっこ広場,国附,737.68,国附町椀子155番
ちびっこ広場,西中山後田第２ちびっこ広場,西中山,299.00,西中山町後田97番地13
ちびっこ広場,青木町１丁目ちびっこ広場,青木,276.00,青木町1丁目8番地70
ちびっこ広場,渡刈町１丁目ちびっこ広場,渡刈,"1,517.00",渡刈町1丁目250番地1
